,id_from,id_to,start,end
0,0,42,2020-09-22T18:47,2020-09-22T21:10
1,0,44,2020-12-25T23:30,2020-12-26T01:20
2,1,10,2020-11-09T12:34,2020-11-09T12:45
3,3,34,2021-04-28T03:53,2021-04-28T05:02
4,3,38,2022-01-19T03:49,2022-01-19T05:33
5,4,39,2021-08-07T18:10,2021-08-07T20:32
6,5,22,2020-11-26T03:19,2020-11-26T03:32
7,10,6,2020-06-22T12:12,2020-06-22T12:56
8,10,22,2020-11-26T03:23,2020-11-26T03:33
9,11,12,2021-09-15T18:13,2021-09-15T19:09
10,12,5,2020-12-05T13:37,2020-12-05T15:50
11,13,22,2020-11-26T03:22,2020-11-26T04:18
12,13,43,2021-05-29T08:02,2021-05-29T09:39
13,14,19,2021-12-08T16:22,2021-12-08T16:40
14,17,30,2021-04-14T22:17,2021-04-15T00:05
15,17,42,2020-09-22T18:38,2020-09-22T21:09
16,19,33,2021-10-30T02:16,2021-10-30T05:06
17,20,30,2021-04-14T22:33,2021-04-15T00:09
18,20,34,2021-04-28T03:57,2021-04-28T04:13
19,20,43,2021-05-29T08:07,2021-05-29T10:54
20,21,14,2021-10-14T13:45,2021-10-14T14:45
21,22,3,2022-01-13T08:36,2022-01-13T10:03
22,23,47,2021-10-05T07:41,2021-10-05T08:57
23,26,16,2022-01-09T20:49,2022-01-09T22:13
24,27,31,2022-01-12T10:56,2022-01-12T13:34
25,27,35,2021-07-07T12:08,2021-07-07T14:49
26,27,46,2021-04-13T21:23,2021-04-13T21:44
27,28,48,2020-08-27T22:29,2020-08-28T00:44
28,31,7,2020-12-28T23:32,2020-12-29T01:36
29,33,18,2020-04-13T23:30,2020-04-13T23:57
30,33,47,2021-10-05T07:52,2021-10-05T09:11
31,34,44,2020-12-25T23:36,2020-12-26T01:48
32,35,29,2020-07-24T03:45,2020-07-24T06:10
33,36,43,2021-05-29T07:58,2021-05-29T10:36
34,38,3,2022-01-13T08:29,2022-01-13T09:56
35,38,44,2020-12-25T23:28,2020-12-26T00:36
36,39,17,2021-06-02T00:24,2021-06-02T01:56
37,39,35,2021-07-07T12:10,2021-07-07T13:39
38,40,35,2021-07-07T12:07,2021-07-07T14:57
39,41,46,2021-04-13T21:13,2021-04-13T21:53
40,43,3,2022-01-13T08:37,2022-01-13T08:49
41,43,24,2021-06-23T20:14,2021-06-23T20:25
42,44,36,2021-04-27T19:50,2021-04-27T22:32
43,46,2,2020-03-28T07:41,2020-03-28T08:52
44,46,15,2021-05-29T04:04,2021-05-29T06:38
45,49,31,2022-01-12T10:48,2022-01-12T12:04
46,51,19,2021-12-08T16:23,2021-12-08T16:51
47,52,1,2020-08-01T14:27,2020-08-01T14:54
48,53,15,2021-05-29T03:48,2021-05-29T06:46
49,56,36,2021-04-27T20:14,2021-04-27T21:43
50,57,40,2020-09-08T10:27,2020-09-08T10:56
51,58,26,2021-04-20T15:58,2021-04-20T16:52
52,59,12,2021-09-15T18:12,2021-09-15T19:01
53,60,6,2020-06-22T12:12,2020-06-22T13:29
54,62,21,2021-08-08T10:41,2021-08-08T11:12
55,62,39,2021-08-07T18:07,2021-08-07T19:57
56,63,47,2021-10-05T07:54,2021-10-05T08:25
57,64,2,2020-03-28T07:52,2020-03-28T10:27
58,66,20,2020-02-14T12:13,2020-02-14T13:06
59,68,40,2020-09-08T10:43,2020-09-08T12:14
60,68,49,2021-09-10T06:28,2021-09-10T07:49
61,70,6,2020-06-22T12:12,2020-06-22T12:30
62,71,24,2021-06-23T20:30,2021-06-23T22:52
63,73,15,2021-05-29T03:49,2021-05-29T06:00
64,74,18,2020-04-13T23:23,2020-04-14T02:22
65,75,45,2020-12-05T05:36,2020-12-05T07:47
66,76,18,2020-04-13T23:12,2020-04-13T23:45
67,77,10,2020-11-09T12:21,2020-11-09T12:49
68,80,0,2021-06-08T17:12,2021-06-08T18:47
69,80,2,2020-03-28T07:47,2020-03-28T10:31
70,84,11,2021-07-19T00:13,2021-07-19T01:52
71,86,25,2020-07-27T04:43,2020-07-27T05:08
72,87,34,2021-04-28T04:13,2021-04-28T07:09
73,88,36,2021-04-27T19:53,2021-04-27T22:50
74,89,30,2021-04-14T22:32,2021-04-15T00:11
75,89,38,2022-01-19T03:59,2022-01-19T04:29
76,92,40,2020-09-08T10:50,2020-09-08T12:32
77,94,12,2021-09-15T18:18,2021-09-15T19:07
78,94,17,2021-06-02T00:32,2021-06-02T02:05
79,97,0,2021-06-08T17:10,2021-06-08T18:52
80,98,17,2021-06-02T00:47,2021-06-02T01:58
81,98,46,2021-04-13T21:12,2021-04-13T22:51
